<?xml version="1.0" encoding="windows-1252"?>
<Collection name="Image Slider 3 - Tiny Slider" guid="{3526A79D-A239-4D1D-A519-E0C548973AD4}" system="No" updatable="Yes" blockNavigatorNode="No">
	<HelpLink>http://support.contensive.com/Image-Slider-3-Tiny-Slider</HelpLink>
	<Help></Help>
	<Addon name="Image Slider 3" guid="{8A7A2DB6-C163-49A1-8D82-79FF8206C8CB}" type="Add-on">
		<Copy></Copy>
		<CopyText></CopyText>
		<ActiveXProgramID></ActiveXProgramID>
		<DotNetClass></DotNetClass>
		<ArgumentList></ArgumentList>
		<AsAjax>No</AsAjax>
		<Filter>No</Filter>
		<Help></Help>
		<HelpLink></HelpLink>
		<Icon Link="" width="0" height="0" sprites="0" />
		<InIframe>No</InIframe>
		<BlockEditTools>No</BlockEditTools>
		<FormXML></FormXML>
		<IsInline>No</IsInline>
		<JavascriptOnLoad></JavascriptOnLoad>
		<JavascriptInHead><![CDATA[var TINY={};

function T$(i){return document.getElementById(i)}
function T$$(e,p){return p.getElementsByTagName(e)}

TINY.slider=function(){
	function slide(n,p){this.n=n; this.init(p)}
	slide.prototype.init=function(p){
		var s=this.x=T$(p.id), u=this.u=T$$('ul',s)[0], c=this.m=T$$('li',u), l=c.length, i=this.l=this.c=0; this.b=1;
		if(p.navid&&p.activeclass){this.g=T$$('li',T$(p.navid)); this.s=p.activeclass}
		this.a=p.auto||0; this.p=p.resume||0; this.r=p.rewind||0; this.e=p.elastic||false; this.v=p.vertical||0; s.style.overflow='hidden';
		for(i;i<l;i++){if(c[i].parentNode==u){this.l++}}
		if(this.v){;
			u.style.top=0; this.h=p.height||c[0].offsetHeight; u.style.height=(this.l*this.h)+'px'
		}else{
			u.style.left=0; this.w=p.width||c[0].offsetWidth; u.style.width=(this.l*this.w)+'px'
		}
		this.nav(p.position||0);
		if(p.position){this.pos(p.position||0,this.a?1:0,1)}else if(this.a){this.auto()}
		if(p.left){this.sel(p.left)}
		if(p.right){this.sel(p.right)}
	},
	slide.prototype.auto=function(){
		this.x.ai=setInterval(new Function(this.n+'.move(1,1,1)'),this.a*1000)
	},
	slide.prototype.move=function(d,a){
		var n=this.c+d;
		if(this.r){n=d==1?n==this.l?0:n:n<0?this.l-1:n}
		this.pos(n,a,1)
	},
	slide.prototype.pos=function(p,a,m){
		var v=p; clearInterval(this.x.ai); clearInterval(this.x.si);
		if(!this.r){
			if(m){
				if(p==-1||(p!=0&&Math.abs(p)%this.l==0)){
					this.b++;
					for(var i=0;i<this.l;i++){this.u.appendChild(this.m[i].cloneNode(1))}
					this.v?this.u.style.height=(this.l*this.h*this.b)+'px':this.u.style.width=(this.l*this.w*this.b)+'px';
				}
				if(p==-1||(p<0&&Math.abs(p)%this.l==0)){
					this.v?this.u.style.top=(this.l*this.h*-1)+'px':this.u.style.left=(this.l*this.w*-1)+'px'; v=this.l-1
				}
			}else if(this.c>this.l&&this.b>1){
				v=(this.l*(this.b-1))+p; p=v
			}
		}
		var t=this.v?v*this.h*-1:v*this.w*-1, d=p<this.c?-1:1; this.c=v; var n=this.c%this.l; this.nav(n);
		if(this.e){t=t-(8*d)}
		this.x.si=setInterval(new Function(this.n+'.slide('+t+','+d+',1,'+a+')'),10)
	},
	slide.prototype.nav=function(n){
		if(this.g){for(var i=0;i<this.l;i++){this.g[i].className=i==n?this.s:''}}
	},
	slide.prototype.slide=function(t,d,i,a){
		var o=this.v?parseInt(this.u.style.top):parseInt(this.u.style.left);
		if(o==t){
			clearInterval(this.x.si);
			if(this.e&&i<3){
				this.x.si=setInterval(new Function(this.n+'.slide('+(i==1?t+(12*d):t+(4*d))+','+(i==1?(-1*d):(-1*d))+','+(i==1?2:3)+','+a+')'),10)
			}else{
				if(a||(this.a&&this.p)){this.auto()}
				if(this.b>1&&this.c%this.l==0){this.clear()}
			}
		}else{
			var v=o-Math.ceil(Math.abs(t-o)*.1)*d+'px';
			this.v?this.u.style.top=v:this.u.style.left=v
		}
	},
	slide.prototype.clear=function(){
		var c=T$$('li',this.u), t=i=c.length; this.v?this.u.style.top=0:this.u.style.left=0; this.b=1; this.c=0;
		for(i;i>0;i--){
			var e=c[i-1];
			if(t>this.l&&e.parentNode==this.u){this.u.removeChild(e); t--}
		}
	},
	slide.prototype.sel=function(i){
		var e=T$(i); e.onselectstart=e.onmousedown=function(){return false}
	}
	return{slide:slide}
}();
var slideshow;
$(document).ready(function(){
slideshow=new TINY.slider.slide('slideshow',{
	id:'slider',
	auto:4,
	resume:false,
	vertical:false,
	navid:'pagination',
	activeclass:'current',
	position:0,
	rewind:false,
	elastic:true,
	left:'slideleft',
	right:'slideright'
});
})]]></JavascriptInHead>
		<JavascriptBodyEnd></JavascriptBodyEnd>
		<MetaDescription></MetaDescription>
		<OtherHeadTags></OtherHeadTags>
		<Content>No</Content>
		<Template>No</Template>
		<Email>No</Email>
		<Admin>No</Admin>
		<OnPageEndEvent>No</OnPageEndEvent>
		<OnPageStartEvent>No</OnPageStartEvent>
		<OnBodyStart>No</OnBodyStart>
		<OnBodyEnd>No</OnBodyEnd>
		<RemoteMethod>No</RemoteMethod>
		<ProcessRunOnce>No</ProcessRunOnce>
		<ProcessInterval>0</ProcessInterval>
		<PageTitle></PageTitle>
		<RemoteAssetLink></RemoteAssetLink>
		<Styles><![CDATA[#imageSlider3 {
width:800px; 
margin:50px auto;
padding:0;
}
#imageSlider3 #container {
position: relative;
/* background: #fff; */
padding: 0;
height: 300px;
/*
border-right: 1px solid #ccc;
border-bottom: 1px solid #ccc;
*/
}
#imageSlider3 .sliderbutton {float:left; width:25px; height:300px; cursor:pointer}
#imageSlider3 #slideleft {background:url(/imageSlider3/icons.png) -50px -265px no-repeat}
#imageSlider3 #slideleft:hover {background-position:-0 -265px}
#imageSlider3 #slideright {background:url(/imageSlider3/icons.png) 0 90px no-repeat}
#imageSlider3 #slideright:hover {background-position:-50px 90px}
#imageSlider3 #slider {float:left; position:relative; overflow:auto; width:750px; height:300px}
#imageSlider3 #slider ul {position:absolute; list-style:none; top:0; left:0; padding:0; margin: 0}
#imageSlider3 #slider li {
width: 750px;
height: 300px;
overflow: hidden;
float:left; 
}
#imageSlider3 ul#imagelist li img { margin: auto; display:block }
#imageSlider3 .pagination {position:absolute; top:270px; left: 350px; list-style:none; height:25px}
#imageSlider3 .pagination li {float:left; cursor:pointer; height:8px; width:8px; background:#ccc; margin:0 4px 0 0; border:1px solid #fff}
#imageSlider3 .pagination li:hover,
#imageSlider3 .pagination li.current {background:#fff}]]></Styles>
		<Scripting Language="" EntryPoint="" Timeout="5000">
			<Code><![CDATA[function m
    dim layout,cs,list,nav,ptr
    set cs = cp.csNew()
    if cs.open( "imageSlider3 Images" ) then
        ptr = 0
        do while cs.ok()
            list = list & vbcrlf & "<li><img src=""" & cp.site.filePath & cs.getText("imageFilename") & """></li>"
            nav = nav & vbcrlf & "<li onclick=""slideshow.pos(" & ptr & ")"" class=""""></li>"
            ptr = ptr + 1
            call cs.goNext()
        loop
    end if
    call cs.close()
    set layout = cp.blockNew()
    call layout.openlayout( "imageSlider3" )
    call layout.setInner( "#imagelist", list )
    call layout.setInner( "#pagination", nav )
    m = layout.getHtml()
end function]]></Code>
		</Scripting>
	</Addon>
	<data>
		<record content="layouts" guid="{8D18EE8C-A0F9-40CE-BDA5-EC884CADF1FB}" name="imageSlider3">
			<field name="ACTIVE">True</field>
			<field name="SORTORDER"></field>
			<field name="Layout"><![CDATA[<div id="imageSlider3">
	<div id="container">
		<div class="sliderbutton" id="slideleft" onclick="slideshow.move(-1)"></div>
		<div id="slider">
			<ul id="imagelist">
				<li><img src=""/></li>
			</ul>
		</div>
		<div class="sliderbutton" id="slideright" onclick="slideshow.move(1)"></div>
		<ul id="pagination" class="pagination">
			<li onclick="slideshow.pos(0)"></li>
			<li onclick="slideshow.pos(1)"></li>
			<li onclick="slideshow.pos(2)"></li>
			<li onclick="slideshow.pos(3)"></li>
		</ul>
	</div>
</div>]]></field>
			<field name="StylesFilename"></field>
		</record>
	</data>
	<CDef Name="ImageSlider3 Images" Active="1" AdminOnly="0" AllowAdd="1" AllowCalendarEvents="0" AllowContentChildTool="0" AllowContentTracking="0" AllowDelete="1" AllowMetaContent="0" AllowTopicRules="0" AllowWorkflowAuthoring="0" AuthoringDataSourceName="Default" AuthoringTableName="imageSlider3Images" ContentDataSourceName="Default" ContentTableName="imageSlider3Images" DefaultSortMethod="By Name" DeveloperOnly="0" DropDownFieldList="Name" EditorGroupName="Content Editors" Parent="" IconLink="" IconHeight="0" IconWidth="0" IconSprites="0" isbasecontent="0" guid="{78BF9B80-885A-4CCA-81F3-2B52CF57BE38}" >
		<Field Name="Name" active="True" AdminOnly="False" Authorable="True" Caption="Name" DeveloperOnly="False" EditSortPriority="110" FieldType="Text" HTMLContent="False" IndexColumn="0" IndexSortDirection="" IndexSortOrder="0" IndexWidth="0" RedirectID="0" RedirectPath="" Required="False" TextBuffered="False" UniqueName="False" DefaultValue="" RSSTitle="False" RSSDescription="False" MemberSelectGroupID="0" EditTab="" Scramble="False" LookupList="" NotEditable="False" Password="False" ReadOnly="False" ManyToManyRulePrimaryField="" ManyToManyRuleSecondaryField="" IsModified="False" IsBaseField="False" LookupContent="" RedirectContent="" ManyToManyContent="" ManyToManyRuleContent="" >
			<HelpDefault>(optional) Enter a name for this image. The name is only used in the admin site.</HelpDefault>
		</Field>
		<Field Name="Active" active="True" AdminOnly="False" Authorable="True" Caption="Active" DeveloperOnly="False" EditSortPriority="200" FieldType="Boolean" HTMLContent="False" IndexColumn="0" IndexSortDirection="" IndexSortOrder="0" IndexWidth="0" RedirectID="0" RedirectPath="" Required="False" TextBuffered="False" UniqueName="False" DefaultValue="1" RSSTitle="False" RSSDescription="False" MemberSelectGroupID="0" EditTab="" Scramble="False" LookupList="" NotEditable="False" Password="False" ReadOnly="False" ManyToManyRulePrimaryField="" ManyToManyRuleSecondaryField="" IsModified="False" IsBaseField="False" LookupContent="" RedirectContent="" ManyToManyContent="" ManyToManyRuleContent="" >
			<HelpDefault>Set active to allow this image to display in the image slider.</HelpDefault>
		</Field>
		<Field Name="SortOrder" active="True" AdminOnly="False" Authorable="False" Caption="Alpha Sort Order" DeveloperOnly="False" EditSortPriority="2000" FieldType="Text" HTMLContent="False" IndexColumn="0" IndexSortDirection="" IndexSortOrder="0" IndexWidth="0" RedirectID="0" RedirectPath="" Required="False" TextBuffered="False" UniqueName="False" DefaultValue="" RSSTitle="False" RSSDescription="False" MemberSelectGroupID="0" EditTab="" Scramble="False" LookupList="" NotEditable="False" Password="False" ReadOnly="False" ManyToManyRulePrimaryField="" ManyToManyRuleSecondaryField="" IsModified="False" IsBaseField="False" LookupContent="" RedirectContent="" ManyToManyContent="" ManyToManyRuleContent="" ></Field>
		<Field Name="imageFileName" active="True" AdminOnly="False" Authorable="True" Caption="Image" DeveloperOnly="False" EditSortPriority="300" FieldType="Image" HTMLContent="False" IndexColumn="0" IndexSortDirection="" IndexSortOrder="0" IndexWidth="" RedirectID="" RedirectPath="" Required="False" TextBuffered="False" UniqueName="False" DefaultValue="" RSSTitle="False" RSSDescription="False" MemberSelectGroupID="0" EditTab="" Scramble="False" LookupList="" NotEditable="False" Password="False" ReadOnly="False" ManyToManyRulePrimaryField="" ManyToManyRuleSecondaryField="" IsModified="False" IsBaseField="False" LookupContent="" RedirectContent="" ManyToManyContent="" ManyToManyRuleContent="" >
			<HelpDefault>Upload an image to be included in the image slider. The size of the image should match the size determined by the styles for the image slider. The default size is 675px wide by 300px tall.</HelpDefault>
		</Field>
		<Field Name="caption" active="True" AdminOnly="False" Authorable="True" Caption="Caption" DeveloperOnly="False" EditSortPriority="310" FieldType="Text" HTMLContent="False" IndexColumn="0" IndexSortDirection="" IndexSortOrder="0" IndexWidth="" RedirectID="" RedirectPath="" Required="False" TextBuffered="False" UniqueName="False" DefaultValue="" RSSTitle="False" RSSDescription="False" MemberSelectGroupID="0" EditTab="" Scramble="False" LookupList="" NotEditable="False" Password="False" ReadOnly="False" ManyToManyRulePrimaryField="" ManyToManyRuleSecondaryField="" IsModified="False" IsBaseField="False" LookupContent="" RedirectContent="" ManyToManyContent="" ManyToManyRuleContent="" >
			<HelpDefault>(optional) This caption is displayed over the image in large type</HelpDefault>
		</Field>
		<Field Name="description" active="True" AdminOnly="False" Authorable="True" Caption="Description" DeveloperOnly="False" EditSortPriority="320" FieldType="LongText" HTMLContent="False" IndexColumn="0" IndexSortDirection="" IndexSortOrder="0" IndexWidth="" RedirectID="" RedirectPath="" Required="False" TextBuffered="False" UniqueName="False" DefaultValue="" RSSTitle="False" RSSDescription="False" MemberSelectGroupID="0" EditTab="" Scramble="False" LookupList="" NotEditable="False" Password="False" ReadOnly="False" ManyToManyRulePrimaryField="" ManyToManyRuleSecondaryField="" IsModified="False" IsBaseField="False" LookupContent="" RedirectContent="" ManyToManyContent="" ManyToManyRuleContent="" >
			<HelpDefault>(optional) The description is added accross the bottom of the image below the Caption.</HelpDefault>
		</Field>
		<Field Name="link" active="True" AdminOnly="False" Authorable="True" Caption="Link" DeveloperOnly="False" EditSortPriority="330" FieldType="Link" HTMLContent="False" IndexColumn="0" IndexSortDirection="" IndexSortOrder="0" IndexWidth="" RedirectID="" RedirectPath="" Required="False" TextBuffered="False" UniqueName="False" DefaultValue="" RSSTitle="False" RSSDescription="False" MemberSelectGroupID="0" EditTab="" Scramble="False" LookupList="" NotEditable="False" Password="False" ReadOnly="False" ManyToManyRulePrimaryField="" ManyToManyRuleSecondaryField="" IsModified="False" IsBaseField="False" LookupContent="" RedirectContent="" ManyToManyContent="" ManyToManyRuleContent="" >
			<HelpDefault>(optional) When set, the image will be linked to this URL</HelpDefault>
		</Field>
		<Field Name="imageSliderInstanceID" active="True" AdminOnly="False" Authorable="True" Caption="Image Slider Instance ID" DeveloperOnly="False" EditSortPriority="9999" FieldType="Text" HTMLContent="False" IndexColumn="0" IndexSortDirection="" IndexSortOrder="0" IndexWidth="" RedirectID="" RedirectPath="" Required="False" TextBuffered="False" UniqueName="False" DefaultValue="" RSSTitle="False" RSSDescription="False" MemberSelectGroupID="0" EditTab="" Scramble="False" LookupList="" NotEditable="True" Password="False" ReadOnly="False" ManyToManyRulePrimaryField="" ManyToManyRuleSecondaryField="" IsModified="False" IsBaseField="False" LookupContent="" RedirectContent="" ManyToManyContent="" ManyToManyRuleContent="" >
			<HelpDefault>The string must match the &quot;instance&quot; string of the image locator. The easiest way to set up an image is to add it from the add link on the image locator, when this value is prepopulated.</HelpDefault>
		</Field>
	</CDef>
	<Resource name="bg.jpg" type="www" path="/imageSlider3" />
	<Resource name="icons.gif" type="www" path="/imageSlider3" />
	<Resource name="icons.png" type="www" path="/imageSlider3" />
	<Resource name="left.gif" type="www" path="/imageSlider3" />
	<Resource name="right.gif" type="www" path="/imageSlider3" />
</Collection>